{
  "cd6371b35bed9ef172c805de1ae27919" : {
    "statistic" : {
      "failed" : 0,
      "broken" : 1,
      "skipped" : 0,
      "passed" : 0,
      "unknown" : 0,
      "total" : 1
    },
    "items" : [ {
      "uid" : "d3b91e17515c1dc4",
      "status" : "broken",
      "statusDetails" : "selenium.common.exceptions.TimeoutException: Message: element not found on page",
      "time" : {
        "start" : 1643010093136,
        "stop" : 1643010118506,
        "duration" : 25370
      }
    } ]
  }
}