{
  "uid" : "b1a8273437954620fa374b796ffaacdd",
  "name" : "behaviors",
  "children" : [ {
    "name" : "test_reachout_initial_status",
    "uid" : "d3b91e17515c1dc4",
    "parentUid" : "b1a8273437954620fa374b796ffaacdd",
    "status" : "broken",
    "time" : {
      "start" : 1643010093136,
      "stop" : 1643010118506,
      "duration" : 25370
    },
    "flaky" : false,
    "newFailed" : false,
    "newPassed" : false,
    "newBroken" : false,
    "retriesCount" : 0,
    "retriesStatusChange" : false,
    "parameters" : [ ]
  } ]
}