{
  "uid" : "4b4757e66a1912dae1a509f688f20b0f",
  "name" : "categories",
  "children" : [ {
    "name" : "Test defects",
    "children" : [ {
      "name" : "selenium.common.exceptions.TimeoutException: Message: element not found on page",
      "children" : [ {
        "name" : "test_reachout_initial_status",
        "uid" : "d3b91e17515c1dc4",
        "parentUid" : "1bf784ad1a2c99df4e5caee4fe8cb047",
        "status" : "broken",
        "time" : {
          "start" : 1643010093136,
          "stop" : 1643010118506,
          "duration" : 25370
        },
        "flaky" : false,
        "newFailed" : false,
        "newPassed" : false,
        "newBroken" : false,
        "retriesCount" : 0,
        "retriesStatusChange" : false,
        "parameters" : [ ]
      } ],
      "uid" : "1bf784ad1a2c99df4e5caee4fe8cb047"
    } ],
    "uid" : "bdbf199525818fae7a8651db9eafe741"
  } ]
}