{
  "uid" : "83edc06c07f9ae9e47eb6dd1b683e4e2",
  "name" : "packages",
  "children" : [ {
    "name" : "ui.age_assured.tests.test_sanity_suite",
    "children" : [ {
      "name" : "test_reachout_initial_status",
      "uid" : "d3b91e17515c1dc4",
      "parentUid" : "e0899c0deb7fc139491c9be982c9ff22",
      "status" : "broken",
      "time" : {
        "start" : 1643010093136,
        "stop" : 1643010118506,
        "duration" : 25370
      },
      "flaky" : false,
      "newFailed" : false,
      "newPassed" : false,
      "newBroken" : false,
      "retriesCount" : 0,
      "retriesStatusChange" : false,
      "parameters" : [ ]
    } ],
    "uid" : "ui.age_assured.tests.test_sanity_suite"
  } ]
}