{
  "uid" : "98d3104e051c652961429bf95fa0b5d6",
  "name" : "suites",
  "children" : [ {
    "name" : "ui.age_assured.tests",
    "children" : [ {
      "name" : "test_sanity_suite",
      "children" : [ {
        "name" : "test_reachout_initial_status",
        "uid" : "d3b91e17515c1dc4",
        "parentUid" : "640b386d2bf041ccc718134eb1958534",
        "status" : "broken",
        "time" : {
          "start" : 1643010093136,
          "stop" : 1643010118506,
          "duration" : 25370
        },
        "flaky" : false,
        "newFailed" : false,
        "newPassed" : false,
        "newBroken" : false,
        "retriesCount" : 0,
        "retriesStatusChange" : false,
        "parameters" : [ ]
      } ],
      "uid" : "640b386d2bf041ccc718134eb1958534"
    } ],
    "uid" : "5c41571414b01f91b1710970e5e13432"
  } ]
}