{
  "uid" : "ab17fc5a4eb3bca4b216b548c7f9fcbc",
  "name" : "timeline",
  "children" : [ {
    "name" : "Arturs-MacBook-Pro.local",
    "children" : [ {
      "name" : "7867-MainThread",
      "children" : [ {
        "name" : "test_reachout_initial_status",
        "uid" : "d3b91e17515c1dc4",
        "parentUid" : "a9ffcdef3fa35b7e740f4810b31f3365",
        "status" : "broken",
        "time" : {
          "start" : 1643010093136,
          "stop" : 1643010118506,
          "duration" : 25370
        },
        "flaky" : false,
        "newFailed" : false,
        "newPassed" : false,
        "newBroken" : false,
        "retriesCount" : 0,
        "retriesStatusChange" : false,
        "parameters" : [ ]
      } ],
      "uid" : "a9ffcdef3fa35b7e740f4810b31f3365"
    } ],
    "uid" : "4a576dab38ee43c1731e9abbdfeea34d"
  } ]
}